face,sides,joins,angle,vector
0,4,[1],"[120.0, 150.0]","[0.09362642, 0.8629086, 0.16693838]"
1,4,[0],"[0.0, 150.0]","[0.043293465, -0.82584876, 0.23870946]"

