face,sides,joins,angle,vector
0,4,[1],"[0.0, 120.0]","[0.07957358, -0.5471587, 0.39308962]"
1,4,[0],"[120.0, 120.0]","[0.0203877, 0.6467012, 0.26221177]"

