face,sides,joins,angle,vector
0,4,[1],"[0.0, 120.0]","[0.139409, -0.46903202, 0.35291275]"
1,4,[0],"[120.0, 120.0]","[-0.2878567, 0.6450855, 0.19965608]"

