face,sides,joins,angle,vector
0,4,[1],"[0.0, 120.0]","[0.040704288, -0.72007847, 0.2847146]"
1,4,[0],"[120.0, 120.0]","[0.1567422, 0.83823836, 0.17565307]"

