face,polygon,joins,angle,vector
0,"(245.47402597402598, 94.82467532467524)",1,2.6367192927373884,0.04542654
,"(248.07142857142858, 207.81168831168824)",,,-0.8314511
,"(483.7857142857143, 198.72077922077915)",,,0.23871155
,"(427.2922077922078, 85.73376623376612)",,,
1,"(248.07142857142858, 207.81168831168824)",0,2.6367192927373884,0.106777824
,"(257.1623376623377, 325.9935064935064)",,,0.8651964
,"(457.1623376623377, 311.7077922077922)",,,0.1714461
,"(483.7857142857143, 198.72077922077915)",,,
