face,polygon,joins,angle,vector
0,"(290.92857142857144, 79.24025974025966)",1,1.9777377448117601,0.15410297
,"(231.1883116883117, 181.83766233766227)",,,-0.36317548
,"(465.60389610389615, 220.1493506493506)",,,0.38515252
,"(471.4480519480519, 102.616883116883)",,,
1,"(231.1883116883117, 181.83766233766227)",0,1.9777377448117601,-0.14256912
,"(237.68181818181816, 294.82467532467524)",,,0.61068475
,"(438.98051948051943, 336.3831168831168)",,,0.250308
,"(465.60389610389615, 220.1493506493506)",,,
