face,polygon,joins,angle,vector
0,"(296.12337662337666, 74.04545454545445)",1,2.142332016638772,0.13942325
,"(218.20129870129867, 162.35714285714278)",,,-0.42321903
,"(433.1363636363637, 208.46103896103887)",,,0.37631428
,"(470.1493506493507, 105.21428571428561)",,,
1,"(218.20129870129867, 162.35714285714278)",0,2.142332016638772,-0.36089697
,"(233.7857142857143, 280.53896103896096)",,,0.63091034
,"(413.0064935064935, 325.9935064935064)",,,0.20917483
,"(433.1363636363637, 208.46103896103887)",,,
