face,polygon,joins,angle,vector
0,"(264.9545454545455, 87.03246753246742)",1,2.1686953517325795,0.0819654
,"(258.461038961039, 201.9675324675324)",,,-0.5496752
,"(493.52597402597405, 204.564935064935)",,,0.39502788
,"(448.07142857142856, 88.33116883116872)",,,
1,"(258.461038961039, 201.9675324675324)",0,2.1686953517325795,0.036577795
,"(261.0584415584416, 313.0064935064935)",,,0.73981535
,"(464.9545454545455, 316.90259740259734)",,,0.2593283
,"(493.52597402597405, 204.564935064935)",,,
