face,polygon,joins,angle,vector
0,"(302.6168831168832, 75.34415584415575)",1,2.232665752801166,0.1390955
,"(234.43506493506493, 164.95454545454538)",,,-0.47956136
,"(459.7597402597403, 209.11038961038952)",,,0.35616857
,"(480.538961038961, 106.51298701298691)",,,
1,"(234.43506493506493, 164.95454545454538)",0,2.232665752801166,-0.27542573
,"(241.57792207792207, 284.4350649350649)",,,0.6556673
,"(435.08441558441564, 328.590909090909)",,,0.20659856
,"(459.7597402597403, 209.11038961038952)",,,
