face,polygon,joins,angle,vector
0,"(271.4480519480519, 85.73376623376612)",1,2.2964733589712605,0.018627267
,"(251.31818181818184, 186.3831168831168)",,,-0.56036925
,"(487.6818181818182, 195.4740259740259)",,,0.3446786
,"(454.56493506493507, 88.33116883116872)",,,
1,"(251.31818181818184, 186.3831168831168)",0,2.2964733589712605,-0.04134962
,"(259.7597402597403, 303.91558441558436)",,,0.75670856
,"(461.0584415584416, 311.7077922077922)",,,0.22918409
,"(487.6818181818182, 195.4740259740259)",,,
