face,polygon,joins,angle,vector
0,"(270.1493506493506, 80.53896103896096)",1,2.2419640580445432,0.10353637
,"(230.53896103896105, 181.83766233766227)",,,-0.55694705
,"(461.70779220779224, 196.7727272727272)",,,0.35097864
,"(446.77272727272725, 88.33116883116872)",,,
1,"(230.53896103896105, 181.83766233766227)",0,2.2419640580445432,-0.071839
,"(245.47402597402598, 300.01948051948045)",,,0.6952805
,"(441.57792207792204, 316.90259740259734)",,,0.24851453
,"(461.70779220779224, 196.7727272727272)",,,
