face,polygon,joins,angle,vector
0,"(244.17532467532467, 92.22727272727263)",1,2.5077225799825933,0.037644815
,"(257.1623376623377, 200.6688311688311)",,,-0.72273445
,"(482.487012987013, 183.13636363636357)",,,0.28961936
,"(416.9025974025974, 77.94155844155836)",,,
1,"(257.1623376623377, 200.6688311688311)",0,2.5077225799825933,0.16626628
,"(266.2532467532468, 315.6038961038961)",,,0.8420886
,"(459.7597402597403, 297.42207792207785)",,,0.17850205
,"(482.487012987013, 183.13636363636357)",,,
